"study_id","clean_sci_name","taxa","intensity","system","feed_data_type","feed_soy","feed_crops","feed_fmfo","feed_animal","fcr_data_type","fcr","Country","iso3c","electric_data_type","Electricity_kwh","diesel_data_type","Diesel_L","petrol_data_type","Petrol_L","natgas_data_type","NaturalGas_L","yield_data_type","Yield_m2_per_t"
243,"Pangasianodon hypophthalmus","catfish","Intensive","Cages & pens","data",0.27,0.595,0.075,0.06,"data",1.5,"Indonesia","IDN","data",90,"data",0.01,"data",0.01,"data",0.01,"data",NA
244,"Pangasianodon hypophthalmus","catfish","Intensive","Cages & pens","data",0.27,0.595,0.075,0.06,"data",1.5,"Indonesia","IDN","data",90,"data",0.01,"data",0.01,"data",0.01,"data",NA
239,"Clarias batrachus","catfish","Intensive","Ponds","data",0.25,0.495,0.095,0.16,"data",1.17,"Indonesia","IDN","data",18,"data",0.01,"data",0.01,"data",0.01,"data",32.7
240,"Clarias batrachus","catfish","Intensive","Ponds","data",0.25,0.495,0.095,0.16,"data",1.17,"Indonesia","IDN","data",18,"data",0.01,"data",0.01,"data",0.01,"data",32.7
206,"Pangasianodon hypophthalmus","catfish","Intensive","Ponds","data",0.364,0.53,0.072,0.034,"data",1.899,"Vietnam","VNM","data",102,"data",9.975961538,"data",0.01,"data",0.01,"data",27.9
207,"Pangasianodon hypophthalmus","catfish","Intensive","Ponds","data",0.364,0.53,0.072,0.034,"data",1.899,"Vietnam","VNM","data",102,"data",9.975961538,"data",0.01,"data",0.01,"data",27.9
208,"Pangasianodon hypophthalmus","catfish","Intensive","Ponds","data",0.364,0.53,0.072,0.034,"data",1.899,"Vietnam","VNM","data",102,"data",9.975961538,"data",0.01,"data",0.01,"data",27.9
209,"Pangasianodon hypophthalmus","catfish","Intensive","Ponds","data",0.364,0.53,0.072,0.034,"data",1.899,"Vietnam","VNM","data",102,"data",9.975961538,"data",0.01,"data",0.01,"data",27.9
210,"Pangasianodon hypophthalmus","catfish","Intensive","Ponds","data",0.364,0.53,0.072,0.034,"data",1.899,"Vietnam","VNM","data",102,"data",9.975961538,"data",0.01,"data",0.01,"data",27.9
211,"Pangasianodon hypophthalmus","catfish","Intensive","Ponds","data",0.364,0.53,0.072,0.034,"data",1.899,"Vietnam","VNM","data",102,"data",9.975961538,"data",0.01,"data",0.01,"data",27.9
212,"Pangasianodon hypophthalmus","catfish","Intensive","Ponds","data",0.364,0.53,0.072,0.034,"data",1.899,"Vietnam","VNM","data",102,"data",9.975961538,"data",0.01,"data",0.01,"data",27.9
213,"Pangasianodon hypophthalmus","catfish","Intensive","Ponds","data",0.364,0.53,0.072,0.034,"data",1.899,"Vietnam","VNM","data",102,"data",9.975961538,"data",0.01,"data",0.01,"data",27.9
214,"Pangasianodon hypophthalmus","catfish","Intensive","Ponds","data",0.364,0.53,0.072,0.034,"data",1.899,"Vietnam","VNM","data",102,"data",9.975961538,"data",0.01,"data",0.01,"data",27.9
215,"Pangasianodon hypophthalmus","catfish","Intensive","Ponds","data",0.364,0.53,0.072,0.034,"data",1.899,"Vietnam","VNM","data",102,"data",9.975961538,"data",0.01,"data",0.01,"data",27.9
216,"Pangasianodon hypophthalmus","catfish","Intensive","Ponds","data",0.364,0.53,0.072,0.034,"data",1.896,"Vietnam","VNM","data",177,"data",9.254807692,"data",0.01,"data",0.01,"data",23
217,"Pangasianodon hypophthalmus","catfish","Intensive","Ponds","data",0.364,0.53,0.072,0.034,"data",1.896,"Vietnam","VNM","data",177,"data",9.254807692,"data",0.01,"data",0.01,"data",23
218,"Pangasianodon hypophthalmus","catfish","Intensive","Ponds","data",0.364,0.53,0.072,0.034,"data",1.896,"Vietnam","VNM","data",177,"data",9.254807692,"data",0.01,"data",0.01,"data",23
219,"Pangasianodon hypophthalmus","catfish","Intensive","Ponds","data",0.364,0.53,0.072,0.034,"data",1.896,"Vietnam","VNM","data",177,"data",9.254807692,"data",0.01,"data",0.01,"data",23
220,"Pangasianodon hypophthalmus","catfish","Intensive","Ponds","data",0.364,0.53,0.072,0.034,"data",1.896,"Vietnam","VNM","data",177,"data",9.254807692,"data",0.01,"data",0.01,"data",23
221,"Pangasianodon hypophthalmus","catfish","Intensive","Ponds","data",0.364,0.53,0.072,0.034,"data",1.896,"Vietnam","VNM","data",177,"data",9.254807692,"data",0.01,"data",0.01,"data",23
222,"Pangasianodon hypophthalmus","catfish","Intensive","Ponds","data",0.364,0.53,0.072,0.034,"data",1.896,"Vietnam","VNM","data",177,"data",9.254807692,"data",0.01,"data",0.01,"data",23
223,"Pangasianodon hypophthalmus","catfish","Intensive","Ponds","data",0.364,0.53,0.072,0.034,"data",1.896,"Vietnam","VNM","data",177,"data",9.254807692,"data",0.01,"data",0.01,"data",23
224,"Pangasianodon hypophthalmus","catfish","Intensive","Ponds","data",0.364,0.53,0.072,0.034,"data",1.59,"Vietnam","VNM","data",56.8,"data",1.478365385,"data",0.01,"data",0.01,"data",21.5
225,"Pangasianodon hypophthalmus","catfish","Intensive","Ponds","data",0.364,0.53,0.072,0.034,"data",1.59,"Vietnam","VNM","data",56.8,"data",1.478365385,"data",0.01,"data",0.01,"data",21.5
226,"Pangasianodon hypophthalmus","catfish","Intensive","Ponds","data",0.364,0.53,0.072,0.034,"data",1.59,"Vietnam","VNM","data",56.8,"data",1.478365385,"data",0.01,"data",0.01,"data",21.5
227,"Pangasianodon hypophthalmus","catfish","Intensive","Ponds","data",0.364,0.53,0.072,0.034,"data",1.59,"Vietnam","VNM","data",56.8,"data",1.478365385,"data",0.01,"data",0.01,"data",21.5
228,"Pangasianodon hypophthalmus","catfish","Intensive","Ponds","data",0.364,0.53,0.072,0.034,"data",1.59,"Vietnam","VNM","data",56.8,"data",1.478365385,"data",0.01,"data",0.01,"data",21.5
229,"Pangasianodon hypophthalmus","catfish","Intensive","Ponds","data",0.364,0.53,0.072,0.034,"data",1.59,"Vietnam","VNM","data",56.8,"data",1.478365385,"data",0.01,"data",0.01,"data",21.5
241,"Pangasianodon hypophthalmus","catfish","Intensive","Ponds","data",0.27,0.595,0.075,0.06,"data",1.4,"Indonesia","IDN","data",8.7,"data",0.01,"data",0.01,"data",0.01,"data",195
242,"Pangasianodon hypophthalmus","catfish","Intensive","Ponds","data",0.27,0.595,0.075,0.06,"data",1.4,"Indonesia","IDN","data",8.7,"data",0.01,"data",0.01,"data",0.01,"data",195
259,"Pangasianodon hypophthalmus","catfish","Intensive","Ponds","data",0.712269698157585,0.0102900823206586,0.0102900823206586,0.267150137201098,"data",1.69,"Vietnam","VNM","data",56,"data",0.14,"data",0.01,"data",0.01,"data",17.3
260,"Pangasianodon hypophthalmus","catfish","Intensive","Ponds","data",0.712269698157585,0.0102900823206586,0.0102900823206586,0.267150137201098,"data",1.69,"Vietnam","VNM","data",56,"data",0.14,"data",0.01,"data",0.01,"data",17.3
261,"Pangasianodon hypophthalmus","catfish","Intensive","Ponds","data",0.712269698157585,0.0102900823206586,0.0102900823206586,0.267150137201098,"data",1.69,"Vietnam","VNM","data",56,"data",0.14,"data",0.01,"data",0.01,"data",17.3
14,"Pangasius spp","catfish","Intensive","Ponds","data",0.207838479809976,0.633313539192399,0.148456057007126,0.0103919239904988,"data",1.9,"Vietnam","VNM","data",41,"data",5,"data",0.01,"data",0.01,"data",8.22
15,"Pangasius spp","catfish","Intensive","Ponds","data",0.207838479809976,0.633313539192399,0.148456057007126,0.0103919239904988,"data",1.9,"Vietnam","VNM","data",41,"data",5,"data",0.01,"data",0.01,"data",8.22
16,"Pangasius spp","catfish","Intensive","Ponds","data",0.207838479809976,0.633313539192399,0.148456057007126,0.0103919239904988,"data",1.9,"Vietnam","VNM","data",41,"data",5,"data",0.01,"data",0.01,"data",8.22
17,"Pangasius spp","catfish","Intensive","Ponds","data",0.207838479809976,0.633313539192399,0.148456057007126,0.0103919239904988,"data",1.9,"Vietnam","VNM","data",41,"data",5,"data",0.01,"data",0.01,"data",8.22
18,"Pangasius spp","catfish","Intensive","Ponds","data",0.207838479809976,0.633313539192399,0.148456057007126,0.0103919239904988,"data",1.9,"Vietnam","VNM","data",41,"data",5,"data",0.01,"data",0.01,"data",8.22
56,"Pangasius spp","catfish","Intensive","Ponds","data",0.25,0.64,0.09,0.02,"data",1.5,"Vietnam","VNM","prediction",32.6861421178029,"prediction",1.27873743319362,"prediction",0.00313538022371193,"prediction",0.00307638310314958,"data",18
57,"Pangasius spp","catfish","Intensive","Ponds","data",0.25,0.64,0.09,0.02,"data",1.5,"Vietnam","VNM","prediction",34.3233259762131,"prediction",1.38610695485154,"prediction",0.00320912906608937,"prediction",0.0031928271771456,"data",18
58,"Pangasius spp","catfish","Intensive","Ponds","data",0.212094220110847,0.646278701504355,0.131235154394299,0.0103919239904988,"data",1.9,"Vietnam","VNM","data",41,"data",0.01,"data",0.01,"data",0.01,"data",23.41920375
59,"Pangasius spp","catfish","Intensive","Ponds","data",0.212094220110847,0.646278701504355,0.131235154394299,0.0103919239904988,"data",1.9,"Vietnam","VNM","data",41,"data",0.01,"data",0.01,"data",0.01,"data",23.41920375
60,"Pangasius spp","catfish","Intensive","Ponds","data",0.212094220110847,0.646278701504355,0.131235154394299,0.0103919239904988,"data",1.9,"Vietnam","VNM","data",41,"data",0.01,"data",0.01,"data",0.01,"data",23.41920375
61,"Pangasius spp","catfish","Intensive","Ponds","data",0.212094220110847,0.646278701504355,0.131235154394299,0.0103919239904988,"data",1.9,"Vietnam","VNM","data",41,"data",0.01,"data",0.01,"data",0.01,"data",23.41920375
62,"Pangasius spp","catfish","Intensive","Ponds","data",0.212094220110847,0.646278701504355,0.131235154394299,0.0103919239904988,"data",1.9,"Vietnam","VNM","data",41,"data",0.01,"data",0.01,"data",0.01,"data",23.41920375
63,"Pangasius spp","catfish","Intensive","Ponds","data",0.34986144101346,0.569774346793349,0.069972288202692,0.0103919239904988,"data",0.2,"Vietnam","VNM","data",74,"data",0.01,"data",0.01,"data",0.01,"data",2793.296089
64,"Pangasius spp","catfish","Intensive","Ponds","data",0.34986144101346,0.569774346793349,0.069972288202692,0.0103919239904988,"data",0.2,"Vietnam","VNM","data",74,"data",0.01,"data",0.01,"data",0.01,"data",2793.296089
65,"Pangasius spp","catfish","Intensive","Ponds","data",0.34986144101346,0.569774346793349,0.069972288202692,0.0103919239904988,"data",0.2,"Vietnam","VNM","data",74,"data",0.01,"data",0.01,"data",0.01,"data",2793.296089
66,"Pangasius spp","catfish","Intensive","Ponds","data",0.34986144101346,0.569774346793349,0.069972288202692,0.0103919239904988,"data",0.1,"Vietnam","VNM","data",79,"data",0.01,"data",0.01,"data",0.01,"data",3333.333333
67,"Pangasius spp","catfish","Intensive","Ponds","data",0.34986144101346,0.569774346793349,0.069972288202692,0.0103919239904988,"data",0.1,"Vietnam","VNM","data",79,"data",0.01,"data",0.01,"data",0.01,"data",3333.333333
68,"Pangasius spp","catfish","Intensive","Ponds","data",0.34986144101346,0.569774346793349,0.069972288202692,0.0103919239904988,"data",0.1,"Vietnam","VNM","data",79,"data",0.01,"data",0.01,"data",0.01,"data",3333.333333
69,"Clarias gariepinus","catfish","Intensive","Recirculating and tanks","data",0.0899643705463183,0.319873317498021,0.579770387965162,0.0103919239904988,"data",0.8,"Netherlands","NLD","data",1,"data",0.01,"data",0.01,"data",0.01,"prediction",38.6548275744934
379,"Hypophthalmichthys molitrix","hypoph_carp","Imp. extensive","Ponds","data",0.102707474985285,0.876692171865803,0.0103001765744556,0.0103001765744556,"data",0.904833941625,"China","CHN","data",295.6041623375,"data",0.01,"data",0.01,"data",0.01,"data",2199.077987875
248,"Chanos chanos","milkfish","Intensive","Cages & pens","data",0.06,0.895,0.025,0.02,"data",1.7,"Indonesia","IDN","data",0.01,"data",0.01,"data",0.01,"data",0.01,"data",10.68
412,"Chanos chanos","milkfish","Intensive","Cages & pens","data",0.2,0.6,0.1,0.1,"data",1.9,"Philippines","PHL","data",0.01,"data",4.866666667,"data",0.01,"data",0.01,"data",12.22195062
245,"Chanos chanos","milkfish","Semi-intensive","Ponds","data",0.06,0.895,0.025,0.02,"data",3,"Indonesia","IDN","data",0.01,"data",0.01,"data",0.01,"data",0.01,"data",6666.666667
246,"Chanos chanos","milkfish","Semi-intensive","Ponds","data",0.06,0.895,0.025,0.02,"data",1.666666667,"Indonesia","IDN","data",142.8571429,"data",0.01,"data",0.01,"data",0.01,"data",1190.47619
247,"Chanos chanos","milkfish","Semi-intensive","Ponds","data",0.06,0.895,0.025,0.02,"data",1.3,"Indonesia","IDN","data",625,"data",0.01,"data",0.01,"data",0.01,"data",13333.33333
410,"Chanos chanos","milkfish","Semi-intensive","Ponds","data",0.2,0.6,0.1,0.1,"data",1.825,"Philippines","PHL","data",105.8823529,"data",38.35294118,"data",0.01,"data",0.01,"data",1176.470588
411,"Chanos chanos","milkfish","Semi-intensive","Ponds","data",0.2,0.6,0.1,0.1,"data",0.375,"Philippines","PHL","data",0.01,"data",46.08,"data",0.01,"data",0.01,"data",13333.33333
437,"Lates calcarifer","misc_diad","Intensive","Cages & pens","data",0.0103919239904988,0.383709422011085,0.302949326999208,0.302949326999208,"data",1.35,"Vietnam","VNM","prediction",917.151534426895,"prediction",20.0306144703167,"prediction",0.364676609533284,"prediction",0.0229971140709389,"data",NA
21,"Salvelinus alpinus","misc_diad","Intensive","Recirculating and tanks","prediction",0.0115549686365137,0.449983492901948,0.328271156597337,0.210190381864202,"data",1.4,"Canada","CAN","data",22600,"data",279,"data",0.01,"data",0.01,"prediction",35.4717072529007
432,"Salvelinus alpinus","misc_diad","Intensive","Recirculating and tanks","data",0.0103919239904988,0.499703087885986,0.326603325415677,0.163301662707838,"data",1.2,"Canada","CAN","prediction",21278.6427375445,"prediction",272.622446042551,"prediction",0.00918935319803991,"prediction",0.0105785970420327,"prediction",36.8056206227203
433,"Salvelinus alpinus","misc_diad","Intensive","Recirculating and tanks","data",0.0103919239904988,0.499703087885986,0.326603325415677,0.163301662707838,"data",1.2,"USA","USA","prediction",20958.5651093566,"prediction",283.740703505486,"prediction",0.00878592261949029,"prediction",0.00979048477407826,"prediction",36.0886942432595
434,"Anoplopoma fimbria","misc_marine","Intensive","Cages & pens","data",0.0102860501567398,0.332974137931034,0.646453761755486,0.0102860501567398,"data",1.4,"Canada","CAN","prediction",61.2623764375878,"prediction",0.458219601731629,"prediction",180.929627995946,"prediction",0.012317534644054,"data",NA
11,"Dicentrarchus labrax","misc_marine","Intensive","Cages & pens","data",0.156259277585354,0.312518555170708,0.520831271647699,0.0103908955962395,"data",1.8,"Greece","GRC","prediction",63.1170907709191,"prediction",0.468188879435233,"prediction",187.375796875439,"prediction",0.0121637351435293,"data",NA
72,"Dicentrarchus labrax","misc_marine","Intensive","Cages & pens","data",0.149940617577197,0.179928741092637,0.659738717339667,0.0103919239904988,"data",1.9,"Tunisia","TUN","prediction",58.7859917101283,"prediction",0.444126510399251,"prediction",193.709824363671,"prediction",0.0115715621400731,"data",NA
252,"Epinephelus spp","misc_marine","Intensive","Cages & pens","data",0.0741074107410741,0.444444444444444,0.444444444444444,0.037003700370037,"data",3.418,"Indonesia","IDN","data",0.01,"data",0.01,"data",1962.616822,"data",0.01,"data",NA
253,"Epinephelus spp","misc_marine","Intensive","Cages & pens","data",0.0741074107410741,0.444444444444444,0.444444444444444,0.037003700370037,"data",3.418,"Indonesia","IDN","data",0.01,"data",0.01,"data",1962.616822,"data",0.01,"data",NA
431,"Seriola rivoliana","misc_marine","Intensive","Cages & pens","data",0.0102860501567398,0.450137147335423,0.529290752351097,0.0102860501567398,"data",1.4,"USA","USA","prediction",63.978092993391,"prediction",0.469795283082885,"prediction",194.984416438554,"prediction",0.0121810259219285,"data",NA
70,"Sparus aurata","misc_marine","Intensive","Cages & pens","data",0.169932699920823,0.15993665874901,0.659738717339667,0.0103919239904988,"data",1.9,"Tunisia","TUN","prediction",64.1639032677411,"prediction",0.433166328070483,"prediction",183.346961379674,"prediction",0.0112400488207229,"data",NA
71,"Sparus aurata","misc_marine","Intensive","Cages & pens","data",0.236638954869359,0.45180126682502,0.301167854315123,0.0103919239904988,"data",2,"Spain","ESP","prediction",60.6920936337714,"prediction",0.454992353036877,"prediction",187.767531250273,"prediction",0.0123216904385047,"data",NA
12,"Dicentrarchus labrax","misc_marine","Intensive","Recirculating and tanks","prediction",0.0994948385679772,0.359762793762354,0.529211508895234,0.0115308587744344,"data",1.7,"Tunisia","TUN","prediction",1514.14523862175,"prediction",6.11508024489669,"prediction",4.67721998678569,"prediction",0.00519755049143557,"data",49.3
13,"Dicentrarchus labrax","misc_marine","Intensive","Recirculating and tanks","prediction",0.0998571899373833,0.357574426013402,0.531033725145556,0.0115346589036581,"data",2.1,"Tunisia","TUN","prediction",1434.93965502091,"prediction",6.53467807666843,"prediction",4.7920447668574,"prediction",0.00527119150724867,"data",39.5
19,"Scophthalmidae","misc_marine","Intensive","Recirculating and tanks","data",0.0978820269200317,0.185570071258907,0.706155977830562,0.0103919239904988,"data",1.2,"France","FRA","prediction",1428.3950920495,"prediction",6.41106558619245,"prediction",4.60867301672948,"prediction",0.00508961686977726,"prediction",20.0479346210352
20,"Scophthalmidae","misc_marine","Intensive","Recirculating and tanks","data",0.2366,0.2581,0.3763,0.129,"data",1.6,"Spain","ESP","data",5197,"data",1,"data",0.01,"data",0.01,"prediction",20.3817963569858
50,"Cynoscion spp","misc_marine","Semi-intensive","Ponds","prediction",0.0573859917084879,0.632009600698233,0.299149029020292,0.0114553785729871,"data",1.1,"Brazil","BRA","data",1362,"data",0.01,"data",0.01,"data",0.01,"data",864.7482819
51,"Cynoscion spp","misc_marine","Semi-intensive","Ponds","prediction",0.0589771490750816,0.62557127312296,0.304026115342764,0.0114254624591948,"data",1.1,"Brazil","BRA","data",1362,"data",0.01,"data",0.01,"data",0.01,"data",864.7482819
52,"Cynoscion spp","misc_marine","Semi-intensive","Ponds","data",0.350455265241489,0.577296120348377,0.0618566904196358,0.0103919239904988,"data",1.7,"Peru","PER","data",0.01,"data",11,"data",0.01,"data",0.01,"data",1000
53,"Cynoscion spp","misc_marine","Semi-intensive","Ponds","data",0.350455265241489,0.577296120348377,0.0618566904196358,0.0103919239904988,"data",1.7,"Peru","PER","data",0.01,"data",11,"data",0.01,"data",0.01,"data",1000
333,"Ctenopharyngodon idella","oth_carp","Extensive","Ponds","data",0.0101823118696664,0.969453064391001,0.0101823118696664,0.0101823118696664,"data",5.454545455,"China","CHN","data",909.0909091,"data",0.01,"data",0.01,"data",0.01,"data",2421.818182
237,"Cyprinus carpio","oth_carp","Intensive","Cages & pens","data",0.26,0.445,0.115,0.18,"data",1.81,"Indonesia","IDN","data",515,"data",0.01,"data",0.01,"data",0.01,"data",NA
238,"Cyprinus carpio","oth_carp","Intensive","Cages & pens","data",0.26,0.445,0.115,0.18,"data",1.81,"Indonesia","IDN","data",515,"data",0.01,"data",0.01,"data",0.01,"data",NA
234,"Cyprinus carpio","oth_carp","Intensive","Ponds","data",0.26,0.445,0.115,0.18,"data",1.78,"Indonesia","IDN","data",372,"data",0.01,"data",0.01,"data",0.01,"data",32.7
235,"Cyprinus carpio","oth_carp","Intensive","Ponds","data",0.26,0.445,0.115,0.18,"data",1.78,"Indonesia","IDN","data",372,"data",0.01,"data",0.01,"data",0.01,"data",32.7
236,"Cyprinus carpio","oth_carp","Intensive","Ponds","data",0.26,0.445,0.115,0.18,"data",1.78,"Indonesia","IDN","data",372,"data",0.01,"data",0.01,"data",0.01,"data",32.7
308,"Cyprinidae","oth_carp","Intensive","Recirculating and tanks","data",0.145,0.785,0.022,0.048,"prediction",1.56591924658805,"China","CHN","data",13500,"data",0.01,"data",0.01,"data",0.01,"data",33.33333333
283,"Cyprinidae","oth_carp","Semi-intensive","Cages & pens","data",0.1101,0.8145,0.0396,0.0358,"data",1.1634,"China","CHN","prediction",244.443204496384,"prediction",0.0702058548841747,"prediction",0.328087667950915,"prediction",0.00629849219925508,"data",NA
284,"Cyprinidae","oth_carp","Semi-intensive","Cages & pens","data",0.1101,0.8145,0.0396,0.0358,"data",1.1634,"China","CHN","prediction",242.021098724569,"prediction",0.0721923202677229,"prediction",0.313475234905728,"prediction",0.0062056052358972,"data",NA
285,"Cyprinidae","oth_carp","Semi-intensive","Cages & pens","data",0.1101,0.8145,0.0396,0.0358,"data",1.1634,"China","CHN","prediction",241.764406442571,"prediction",0.068161527135723,"prediction",0.316023112017447,"prediction",0.00627715264931386,"data",NA
286,"Cyprinidae","oth_carp","Semi-intensive","Cages & pens","data",0.1101,0.8145,0.0396,0.0358,"data",1.1634,"China","CHN","prediction",248.483910644936,"prediction",0.0700839694345462,"prediction",0.312830818968588,"prediction",0.00613513692189107,"data",NA
287,"Cyprinidae","oth_carp","Semi-intensive","Cages & pens","data",0.1101,0.8145,0.0396,0.0358,"data",1.1634,"China","CHN","prediction",249.713162516133,"prediction",0.0692775019699263,"prediction",0.318589344482787,"prediction",0.00603749125788768,"data",NA
288,"Cyprinidae","oth_carp","Semi-intensive","Cages & pens","data",0.1101,0.8145,0.0396,0.0358,"data",1.1634,"China","CHN","prediction",241.401481681171,"prediction",0.0706385078467022,"prediction",0.310579301077247,"prediction",0.00638158794620363,"data",NA
289,"Cyprinidae","oth_carp","Semi-intensive","Cages & pens","data",0.1101,0.8145,0.0396,0.0358,"data",1.1634,"China","CHN","prediction",242.81518400072,"prediction",0.0687253375043991,"prediction",0.314378822064641,"prediction",0.00573967381931559,"data",NA
290,"Cyprinidae","oth_carp","Semi-intensive","Cages & pens","data",0.1101,0.8145,0.0396,0.0358,"data",1.1634,"China","CHN","prediction",242.718754189528,"prediction",0.0701171146253418,"prediction",0.320944682244949,"prediction",0.00602695529316455,"data",NA
291,"Cyprinidae","oth_carp","Semi-intensive","Cages & pens","data",0.1101,0.8145,0.0396,0.0358,"data",1.1634,"China","CHN","prediction",246.86130963568,"prediction",0.0730427810562596,"prediction",0.313793406079915,"prediction",0.00570605283318289,"data",NA
292,"Cyprinidae","oth_carp","Semi-intensive","Cages & pens","data",0.1101,0.8145,0.0396,0.0358,"data",1.1634,"China","CHN","prediction",241.136280701568,"prediction",0.0705646429935571,"prediction",0.336367569651077,"prediction",0.00659483260584227,"data",NA
293,"Cyprinidae","oth_carp","Semi-intensive","Cages & pens","data",0.1101,0.8145,0.0396,0.0358,"data",1.1634,"China","CHN","prediction",249.682339773229,"prediction",0.070981420460009,"prediction",0.312617795063011,"prediction",0.00601943093608799,"data",NA
294,"Cyprinidae","oth_carp","Semi-intensive","Cages & pens","data",0.1101,0.8145,0.0396,0.0358,"data",1.1634,"China","CHN","prediction",243.819193152966,"prediction",0.0704171759771425,"prediction",0.343266935684007,"prediction",0.00605925270906787,"data",NA
339,"Carassius carassius","oth_carp","Semi-intensive","Ponds","data",0.2096,0.6989,0.0745,0.017,"data",1.2392334768,"China","CHN","data",239.5463915,"data",0.01,"data",0.01,"data",0.01,"data",566.01154966
324,"Ctenopharyngodon idella","oth_carp","Semi-intensive","Ponds","data",0.181065904836962,0.79824647817949,0.0103438084917742,0.0103438084917742,"data",1.693909228,"China","CHN","data",220.7803973,"data",0.01,"data",0.01,"data",0.01,"data",948.9451469
257,"Cyprinidae","oth_carp","Semi-intensive","Ponds","data",0.887238887238887,0.0103950103950104,0.0682110682110682,0.0341550341550342,"data",1.8,"India","IND","data",71.7,"data",11.8,"data",3.6,"data",0.01,"data",633
258,"Cyprinidae","oth_carp","Semi-intensive","Ponds","data",0.887238887238887,0.0103950103950104,0.0682110682110682,0.0341550341550342,"data",1.8,"India","IND","data",71.7,"data",11.8,"data",3.6,"data",0.01,"data",633
295,"Cyprinidae","oth_carp","Semi-intensive","Ponds","data",0.145,0.785,0.022,0.048,"data",1.4,"China","CHN","data",11400,"data",0.01,"data",0.01,"data",0.01,"data",333.3333333
296,"Cyprinidae","oth_carp","Semi-intensive","Ponds","data",0.145,0.785,0.022,0.048,"data",1.5,"China","CHN","data",9000,"data",0.01,"data",0.01,"data",0.01,"data",444.4444444
297,"Cyprinidae","oth_carp","Semi-intensive","Ponds","data",0.145,0.785,0.022,0.048,"data",1.4,"China","CHN","data",10200,"data",0.01,"data",0.01,"data",0.01,"data",444.4444444
298,"Cyprinidae","oth_carp","Semi-intensive","Ponds","data",0.145,0.785,0.022,0.048,"data",1.7,"China","CHN","data",2250,"data",0.01,"data",0.01,"data",0.01,"data",952.3809524
299,"Cyprinidae","oth_carp","Semi-intensive","Ponds","data",0.145,0.785,0.022,0.048,"data",2.2,"China","CHN","data",150,"data",0.01,"data",0.01,"data",0.01,"data",444.4444444
300,"Cyprinidae","oth_carp","Semi-intensive","Ponds","data",0.145,0.785,0.022,0.048,"data",1.4,"China","CHN","data",15000,"data",0.01,"data",0.01,"data",0.01,"data",266.6666667
301,"Cyprinidae","oth_carp","Semi-intensive","Ponds","data",0.145,0.785,0.022,0.048,"data",2.3,"China","CHN","data",6000,"data",0.01,"data",0.01,"data",0.01,"data",266.6666667
302,"Cyprinidae","oth_carp","Semi-intensive","Ponds","data",0.145,0.785,0.022,0.048,"data",1.3,"China","CHN","data",1500,"data",0.01,"data",0.01,"data",0.01,"data",333.3333333
303,"Cyprinidae","oth_carp","Semi-intensive","Ponds","data",0.145,0.785,0.022,0.048,"data",1.6,"China","CHN","data",4500,"data",0.01,"data",0.01,"data",0.01,"data",666.6666667
304,"Cyprinidae","oth_carp","Semi-intensive","Ponds","data",0.145,0.785,0.022,0.048,"data",1.4,"China","CHN","data",7500,"data",0.01,"data",0.01,"data",0.01,"data",238.0952381
305,"Cyprinidae","oth_carp","Semi-intensive","Ponds","data",0.145,0.785,0.022,0.048,"data",1.4,"China","CHN","data",4500,"data",0.01,"data",0.01,"data",0.01,"data",444.4444444
306,"Cyprinidae","oth_carp","Semi-intensive","Ponds","data",0.145,0.785,0.022,0.048,"data",1.7,"China","CHN","data",6000,"data",0.01,"data",0.01,"data",0.01,"data",666.6666667
307,"Cyprinidae","oth_carp","Semi-intensive","Ponds","data",0.145,0.785,0.022,0.048,"data",1.8,"China","CHN","data",2250,"data",0.01,"data",0.01,"data",0.01,"data",1212.121212
309,"Cyprinidae","oth_carp","Semi-intensive","Ponds","data",0.145,0.785,0.022,0.048,"data",1.4,"China","CHN","data",7500,"data",0.01,"data",0.01,"data",0.01,"data",444.4444444
310,"Cyprinidae","oth_carp","Semi-intensive","Ponds","data",0.145,0.785,0.022,0.048,"data",1.6,"China","CHN","data",9750,"data",0.01,"data",0.01,"data",0.01,"data",289.8550725
311,"Cyprinidae","oth_carp","Semi-intensive","Ponds","data",0.145,0.785,0.022,0.048,"data",1.6,"China","CHN","data",12750,"data",0.01,"data",0.01,"data",0.01,"data",266.6666667
312,"Cyprinidae","oth_carp","Semi-intensive","Ponds","data",0.145,0.785,0.022,0.048,"data",1.6,"China","CHN","data",12750,"data",0.01,"data",0.01,"data",0.01,"data",266.6666667
313,"Cyprinidae","oth_carp","Semi-intensive","Ponds","data",0.145,0.785,0.022,0.048,"data",1.4,"China","CHN","data",9000,"data",0.01,"data",0.01,"data",0.01,"data",310.0775194
314,"Cyprinidae","oth_carp","Semi-intensive","Ponds","data",0.1907,0.7479,0.0236,0.0378,"data",1.71,"China","CHN","data",470,"data",0.01,"data",0.01,"data",0.01,"data",438
315,"Cyprinidae","oth_carp","Semi-intensive","Ponds","data",0.1907,0.7479,0.0236,0.0378,"data",1.71,"China","CHN","data",470,"data",0.01,"data",0.01,"data",0.01,"data",438
316,"Cyprinidae","oth_carp","Semi-intensive","Ponds","data",0.1907,0.7479,0.0236,0.0378,"data",1.71,"China","CHN","data",470,"data",0.01,"data",0.01,"data",0.01,"data",438
317,"Cyprinidae","oth_carp","Semi-intensive","Ponds","data",0.1907,0.7479,0.0236,0.0378,"data",1.71,"China","CHN","data",470,"data",0.01,"data",0.01,"data",0.01,"data",438
318,"Cyprinidae","oth_carp","Semi-intensive","Ponds","data",0.1907,0.7479,0.0236,0.0378,"data",1.71,"China","CHN","data",470,"data",0.01,"data",0.01,"data",0.01,"data",438
319,"Cyprinidae","oth_carp","Semi-intensive","Ponds","data",0.1907,0.7479,0.0236,0.0378,"data",1.71,"China","CHN","data",470,"data",0.01,"data",0.01,"data",0.01,"data",438
320,"Cyprinidae","oth_carp","Semi-intensive","Ponds","data",0.1907,0.7479,0.0236,0.0378,"data",1.71,"China","CHN","data",470,"data",0.01,"data",0.01,"data",0.01,"data",438
321,"Cyprinidae","oth_carp","Semi-intensive","Ponds","data",0.1907,0.7479,0.0236,0.0378,"data",1.71,"China","CHN","data",470,"data",0.01,"data",0.01,"data",0.01,"data",438
322,"Cyprinidae","oth_carp","Semi-intensive","Ponds","data",0.1907,0.7479,0.0236,0.0378,"data",1.71,"China","CHN","data",470,"data",0.01,"data",0.01,"data",0.01,"data",438
323,"Cyprinidae","oth_carp","Semi-intensive","Ponds","data",0.1907,0.7479,0.0236,0.0378,"data",1.71,"China","CHN","data",470,"data",0.01,"data",0.01,"data",0.01,"data",438
387,"Cyprinidae","oth_carp","Semi-intensive","Ponds","data",0.0501545517997806,0.922724100109682,0.010469638049656,0.0166517100408814,"data",0.307703419826087,"India","IND","data",0.134388334869565,"data",12.8837721314348,"data",0.01,"data",0.01,"data",1348.98212076522
331,"Cyprinidae","oth_carp","Semi-intensive","Ponds","data",0.1377,0.8084,0.0191,0.0348,"data",1.73915687433333,"China","CHN","data",353.396151933333,"data",0.01,"data",0.01,"data",0.01,"data",1348.06078220476
429,"Oncorhynchus kisutch","salmon","Intensive","Cages & pens","data",0.0103919239904988,0.636480601741884,0.218824228028504,0.134303246239113,"data",1.2,"Chile","CHL","prediction",41.2755774463461,"prediction",16.1343598934221,"prediction",2.34568359282703,"prediction",0.446463024033869,"data",NA
427,"Oncorhynchus tshawytscha","salmon","Intensive","Cages & pens","data",0.0103919239904988,0.365102929532858,0.180522565320665,0.443982581155978,"data",1.75,"New Zealand","NZL","prediction",43.7151596959024,"prediction",16.0209368123642,"prediction",2.30518697755441,"prediction",0.452908499511109,"data",NA
428,"Oncorhynchus tshawytscha","salmon","Intensive","Cages & pens","data",0.0103919239904988,0.58382818685669,0.257323832145685,0.148456057007126,"data",1.4,"New Zealand","NZL","prediction",41.5036259874848,"prediction",16.3350798398458,"prediction",2.35315405283664,"prediction",0.456086138303387,"data",NA
22,"Salmo salar","salmon","Intensive","Cages & pens","prediction",0.0113845820232029,0.559362463406701,0.417868372546894,0.0113845820232029,"data",1.3,"Canada","CAN","data",0.01,"data",29,"data",36,"data",10,"data",98.63013699
73,"Salmo salar","salmon","Intensive","Cages & pens","prediction",0.0113244176013805,0.553925798101812,0.423641069887834,0.0111087144089733,"data",1.2,"Norway","NOR","data",24,"data",15,"data",0.01,"data",0.01,"data",NA
74,"Salmo salar","salmon","Intensive","Cages & pens","prediction",0.0113476710256133,0.557008537771534,0.42029612017724,0.0113476710256133,"data",1.2,"Norway","NOR","data",24,"data",15,"data",0.01,"data",0.01,"data",NA
80,"Salmo salar","salmon","Intensive","Cages & pens","prediction",0.0113390928725702,0.564254859611231,0.413066954643629,0.0113390928725702,"data",1.5,"Chile","CHL","data",0.01,"data",35,"data",0.01,"data",9,"data",NA
83,"Salmo salar","salmon","Intensive","Cages & pens","prediction",0.0113122171945701,0.563348416289593,0.414027149321267,0.0113122171945701,"data",1.3,"Norway","NOR","data",0.01,"data",11,"data",0.01,"data",0.01,"data",NA
84,"Salmo salar","salmon","Intensive","Cages & pens","prediction",0.0113513513513514,0.558810810810811,0.418486486486487,0.0113513513513514,"data",1.3,"Norway","NOR","data",0.01,"data",11,"data",0.01,"data",0.01,"data",NA
23,"Salmo salar","salmon","Intensive","Cages & pens","data",0.179928741092637,0.259897070467142,0.549782264449723,0.0103919239904988,"data",1.1,"United Kingdom","GBR","data",861,"data",372,"data",0.01,"data",0.01,"data",NA
24,"Salmo salar","salmon","Intensive","Cages & pens","data",0.144497228820269,0.27513855898654,0.569972288202692,0.0103919239904988,"data",1.1,"Norway","NOR","data",20,"data",15,"data",0.01,"data",0.01,"data",NA
25,"Salmo salar","salmon","Intensive","Cages & pens","data",0.0910530482977039,0.240498812351544,0.658056215360253,0.0103919239904988,"data",1.3,"UK","GBR","data",42,"data",20,"data",0.01,"data",0.01,"data",NA
26,"Salmo salar","salmon","Intensive","Cages & pens","data",0.056,0.429,0.316,0.199,"data",1.3,"Canada","CAN","data",0.01,"data",21,"data",3,"data",1,"data",NA
27,"Salmo salar","salmon","Intensive","Cages & pens","data",0.145,0.282,0.422,0.151,"data",1.5,"Chile","CHL","data",63,"data",21,"data",5,"data",0.01,"data",NA
28,"Salmo salar","salmon","Intensive","Cages & pens","data",0.0102860501567398,0.411344043887147,0.568083855799373,0.0102860501567398,"data",1.1,"Norway","NOR","prediction",41.7528208639443,"prediction",15.4298114459845,"prediction",2.3492578174302,"prediction",0.419242453729304,"data",NA
29,"Salmo salar","salmon","Intensive","Cages & pens","data",0.092735550277118,0.195863024544735,0.701009501187648,0.0103919239904988,"data",1.2,"Norway","NOR","prediction",43.1068580766171,"prediction",15.591448773031,"prediction",2.3816475954195,"prediction",0.417369828942786,"data",NA
76,"Salmo salar","salmon","Intensive","Cages & pens","data",0.0102860501567398,0.563871473354232,0.415556426332288,0.0102860501567398,"data",1.3,"Norway","NOR","prediction",42.1554190276287,"prediction",16.8363289869079,"prediction",2.37604647245735,"prediction",0.431867479334763,"data",NA
77,"Salmo salar","salmon","Intensive","Cages & pens","data",0.0102860501567398,0.666438087774295,0.312989811912226,0.0102860501567398,"data",1.2,"Norway","NOR","prediction",45.2637368839836,"prediction",17.3726899974823,"prediction",2.32221943355618,"prediction",0.418191638057168,"data",NA
78,"Salmo salar","salmon","Intensive","Cages & pens","data",0.0538,0.2903,0.2581,0.3978,"data",1.7,"Australia","AUS","data",67,"data",100,"data",39,"data",1,"data",NA
79,"Salmo salar","salmon","Intensive","Cages & pens","data",0.0538,0.2903,0.2581,0.3978,"data",1.7,"Australia","AUS","data",67,"data",100,"data",39,"data",1,"data",NA
413,"Salmo salar","salmon","Intensive","Cages & pens","data",0.247426761678543,0.247426761678543,0.494754552652415,0.0103919239904988,"data",1.19,"Scotland","GBR","prediction",42.7558842532488,"prediction",16.0712119082714,"prediction",2.33837126181494,"prediction",0.435467727103698,"data",NA
414,"Salmo salar","salmon","Intensive","Cages & pens","data",0.247426761678543,0.247426761678543,0.494754552652415,0.0103919239904988,"data",1.19,"Scotland","GBR","prediction",40.7415375765578,"prediction",16.1072111138261,"prediction",2.40428429187919,"prediction",0.419209046818149,"data",NA
415,"Salmo salar","salmon","Intensive","Cages & pens","data",0.0102860501567398,0.734815830721003,0.244612068965517,0.0102860501567398,"data",1.31,"Norway","NOR","prediction",40.9858129956229,"prediction",15.9800600345718,"prediction",2.29672373627018,"prediction",0.454001952381837,"data",NA
416,"Salmo salar","salmon","Intensive","Cages & pens","data",0.0102870579014402,0.743411384344078,0.236014499853042,0.0102870579014402,"data",1.31,"Norway","NOR","prediction",43.6464530681431,"prediction",16.6271709824349,"prediction",2.30305397280183,"prediction",0.423698501231407,"data",NA
417,"Salmo salar","salmon","Intensive","Cages & pens","data",0.0102860501567398,0.735109717868339,0.244318181818182,0.0102860501567398,"data",1.31,"Norway","NOR","prediction",42.5012185760391,"prediction",15.6589279124158,"prediction",2.43464645390231,"prediction",0.44129378056417,"data",NA
418,"Salmo salar","salmon","Intensive","Cages & pens","data",0.0102860501567398,0.479525862068966,0.499902037617555,0.0102860501567398,"data",1.25,"Scotland","GBR","prediction",42.9984262654858,"prediction",15.8877937436396,"prediction",2.32948882707757,"prediction",0.423987911479437,"data",NA
419,"Salmo salar","salmon","Intensive","Cages & pens","data",0.0103919239904988,0.643012668250198,0.211005542359462,0.135589865399842,"data",1.48,"Chile","CHL","prediction",39.6279246613553,"prediction",16.2545023289908,"prediction",2.35281553942804,"prediction",0.432544752864962,"data",NA
420,"Salmo salar","salmon","Intensive","Cages & pens","data",0.0103908955962395,0.316674913409203,0.346363186541316,0.326571004453241,"data",1.25,"Canada","CAN","prediction",39.8047655040396,"prediction",16.3669715715325,"prediction",2.35985862912073,"prediction",0.445745202122587,"data",NA
421,"Salmo salar","salmon","Intensive","Cages & pens","data",0.0103919239904988,0.3763855898654,0.161520190023753,0.451702296120348,"data",1.69,"Canada","CAN","prediction",40.0820412552588,"prediction",17.1429270332171,"prediction",2.45298448808931,"prediction",0.424005275259133,"data",NA
422,"Salmo salar","salmon","Intensive","Cages & pens","data",0.0102860501567398,0.67721394984326,0.30221394984326,0.0102860501567398,"data",1.12,"Norway","NOR","prediction",41.5163850811726,"prediction",15.9229577047414,"prediction",2.30389712111338,"prediction",0.43063888248075,"data",NA
423,"Salmo salar","salmon","Intensive","Cages & pens","data",0.0102860501567398,0.664380877742947,0.315047021943574,0.0102860501567398,"data",1.12,"Norway","NOR","prediction",40.0021830157661,"prediction",16.5300683947509,"prediction",2.33687760748874,"prediction",0.42646866118427,"data",NA
424,"Salmo salar","salmon","Intensive","Cages & pens","data",0.0103929525883401,0.618133227754132,0.159259625853707,0.212214193803821,"data",1.74,"Chile","CHL","prediction",42.6890612288417,"prediction",15.8863275926611,"prediction",2.37708563703095,"prediction",0.423738576472136,"data",NA
425,"Salmo salar","salmon","Intensive","Cages & pens","data",0.0103919239904988,0.616389548693587,0.160827395091053,0.212391132224861,"data",1.74,"Chile","CHL","prediction",42.4001736492637,"prediction",16.0944941932413,"prediction",2.39247780022163,"prediction",0.430163304354049,"data",NA
426,"Salmo salar","salmon","Intensive","Cages & pens","data",0.0103929525883401,0.708799366524795,0.181827180045531,0.0989805008413343,"data",1.33,"Chile","CHL","prediction",42.5943847924647,"prediction",15.987821401008,"prediction",2.3017947371833,"prediction",0.420757528530332,"data",NA
46,"Salmonidae","salmon","Intensive","Cages & pens","prediction",0.011300043047783,0.561665949203616,0.415733964700818,0.011300043047783,"prediction",1.24960103236608,"United Kingdom","GBR","prediction",40.9284512743191,"prediction",16.7947481268923,"prediction",2.44302322830431,"prediction",0.425106035628947,"data",NA
81,"Salmo salar","salmon","Intensive","Recirculating and tanks","prediction",0.0115194733955019,0.528359846407021,0.448601206801975,0.0115194733955019,"data",1.1,"United States","USA","data",5460,"data",0.01,"data",0.01,"data",0.01,"prediction",295.650044928797
82,"Salmo salar","salmon","Intensive","Recirculating and tanks","prediction",0.0114366626729114,0.52750245071343,0.449624223940747,0.0114366626729114,"data",1.1,"United States","USA","data",5460,"data",0.01,"data",0.01,"data",0.01,"prediction",306.703281326363
75,"Salmo salar","salmon","Intensive","Recirculating and tanks","data",0.0102860501567398,0.48971394984326,0.48971394984326,0.0102860501567398,"data",1,"France","FRA","data",4514,"data",1,"data",0.01,"data",0.01,"data",309.1190108
45,"Salmonidae","salmon","Intensive","Recirculating and tanks","prediction",0.0114816839803171,0.535046473482777,0.441990158556588,0.0114816839803171,"data",1.1,"France","FRA","prediction",983.909914277722,"prediction",177.578214800274,"prediction",0.0546417421693986,"prediction",0.185655874432356,"prediction",300.523293385336
177,"Penaeus monodon","shrimp","Imp. extensive","Ponds","data",0.094,0.812,0.0571,0.0369,"data",0.307734807,"Bangladesh","BGD","data",2.900552486,"data",81.2479688,"data",0.01,"data",0.01,"data",34400
178,"Penaeus monodon","shrimp","Imp. extensive","Ponds","data",0.094,0.812,0.0571,0.0369,"data",0.307734807,"Bangladesh","BGD","data",2.900552486,"data",81.2479688,"data",0.01,"data",0.01,"data",34400
179,"Penaeus monodon","shrimp","Imp. extensive","Ponds","data",0.094,0.812,0.0571,0.0369,"data",0.307734807,"Bangladesh","BGD","data",2.900552486,"data",81.2479688,"data",0.01,"data",0.01,"data",34400
180,"Penaeus monodon","shrimp","Imp. extensive","Ponds","data",0.094,0.812,0.0571,0.0369,"data",0.307734807,"Bangladesh","BGD","data",2.900552486,"data",81.2479688,"data",0.01,"data",0.01,"data",34400
181,"Penaeus monodon","shrimp","Imp. extensive","Ponds","data",0.094,0.812,0.0571,0.0369,"data",0.307734807,"Bangladesh","BGD","data",2.900552486,"data",81.2479688,"data",0.01,"data",0.01,"data",34400
182,"Penaeus monodon","shrimp","Imp. extensive","Ponds","data",0.094,0.812,0.0571,0.0369,"data",0.307734807,"Bangladesh","BGD","data",2.900552486,"data",81.2479688,"data",0.01,"data",0.01,"data",34400
183,"Penaeus monodon","shrimp","Imp. extensive","Ponds","data",0.094,0.812,0.0571,0.0369,"data",0.307734807,"Bangladesh","BGD","data",2.900552486,"data",81.2479688,"data",0.01,"data",0.01,"data",34400
184,"Penaeus monodon","shrimp","Imp. extensive","Ponds","data",0.094,0.812,0.0571,0.0369,"data",0.307734807,"Bangladesh","BGD","data",2.900552486,"data",81.2479688,"data",0.01,"data",0.01,"data",34400
185,"Penaeus monodon","shrimp","Imp. extensive","Ponds","data",0.010183299389002,0.969450101832994,0.010183299389002,0.010183299389002,"data",1.646653543,"Bangladesh","BGD","data",86.31889764,"data",116.9522927,"data",0.01,"data",0.01,"data",57000
186,"Penaeus monodon","shrimp","Imp. extensive","Ponds","data",0.010183299389002,0.969450101832994,0.010183299389002,0.010183299389002,"data",1.646653543,"Bangladesh","BGD","data",86.31889764,"data",116.9522927,"data",0.01,"data",0.01,"data",57000
187,"Penaeus monodon","shrimp","Imp. extensive","Ponds","data",0.010183299389002,0.969450101832994,0.010183299389002,0.010183299389002,"data",1.646653543,"Bangladesh","BGD","data",86.31889764,"data",116.9522927,"data",0.01,"data",0.01,"data",57000
188,"Penaeus monodon","shrimp","Imp. extensive","Ponds","data",0.010183299389002,0.969450101832994,0.010183299389002,0.010183299389002,"data",1.646653543,"Bangladesh","BGD","data",86.31889764,"data",116.9522927,"data",0.01,"data",0.01,"data",57000
189,"Penaeus monodon","shrimp","Imp. extensive","Ponds","data",0.010183299389002,0.969450101832994,0.010183299389002,0.010183299389002,"data",1.646653543,"Bangladesh","BGD","data",86.31889764,"data",116.9522927,"data",0.01,"data",0.01,"data",57000
6,"Litopenaeus vannamei","shrimp","Intensive","Ponds","data",0.135405325150945,0.343759279421954,0.510442442838761,0.0103929525883401,"data",1.6,"China","CHN","data",2550,"data",2,"data",0.01,"data",0.01,"data",342
7,"Litopenaeus vannamei","shrimp","Intensive","Ponds","data",0.135405325150945,0.343759279421954,0.510442442838761,0.0103929525883401,"data",1.6,"China","CHN","data",2550,"data",2,"data",0.01,"data",0.01,"data",342
8,"Litopenaeus vannamei","shrimp","Intensive","Ponds","data",0.135405325150945,0.343759279421954,0.510442442838761,0.0103929525883401,"data",1.6,"China","CHN","data",2550,"data",2,"data",0.01,"data",0.01,"data",342
121,"Litopenaeus vannamei","shrimp","Intensive","Ponds","data",0.284017812963879,0.308758040573973,0.396833250865908,0.0103908955962395,"data",1.26,"China","CHN","data",3803,"data",80,"data",0.01,"data",0.01,"data",263
122,"Litopenaeus vannamei","shrimp","Intensive","Ponds","data",0.284017812963879,0.308758040573973,0.396833250865908,0.0103908955962395,"data",1.26,"China","CHN","data",3803,"data",80,"data",0.01,"data",0.01,"data",263
123,"Litopenaeus vannamei","shrimp","Intensive","Ponds","data",0.284017812963879,0.308758040573973,0.396833250865908,0.0103908955962395,"data",1.26,"China","CHN","data",3803,"data",80,"data",0.01,"data",0.01,"data",263
124,"Litopenaeus vannamei","shrimp","Intensive","Ponds","data",0.284017812963879,0.308758040573973,0.396833250865908,0.0103908955962395,"data",1.26,"China","CHN","data",3803,"data",80,"data",0.01,"data",0.01,"data",263
125,"Litopenaeus vannamei","shrimp","Intensive","Ponds","data",0.284017812963879,0.308758040573973,0.396833250865908,0.0103908955962395,"data",1.26,"China","CHN","data",3803,"data",80,"data",0.01,"data",0.01,"data",263
126,"Litopenaeus vannamei","shrimp","Intensive","Ponds","data",0.284017812963879,0.308758040573973,0.396833250865908,0.0103908955962395,"data",1.26,"China","CHN","data",3803,"data",80,"data",0.01,"data",0.01,"data",263
127,"Litopenaeus vannamei","shrimp","Intensive","Ponds","data",0.284017812963879,0.308758040573973,0.396833250865908,0.0103908955962395,"data",1.26,"China","CHN","data",3803,"data",80,"data",0.01,"data",0.01,"data",263
128,"Litopenaeus vannamei","shrimp","Intensive","Ponds","data",0.284017812963879,0.308758040573973,0.396833250865908,0.0103908955962395,"data",1.26,"China","CHN","data",3803,"data",80,"data",0.01,"data",0.01,"data",263
129,"Litopenaeus vannamei","shrimp","Intensive","Ponds","data",0.284017812963879,0.308758040573973,0.396833250865908,0.0103908955962395,"data",1.26,"China","CHN","data",3803,"data",80,"data",0.01,"data",0.01,"data",263
130,"Litopenaeus vannamei","shrimp","Intensive","Ponds","data",0.284017812963879,0.308758040573973,0.396833250865908,0.0103908955962395,"data",1.26,"China","CHN","data",3803,"data",80,"data",0.01,"data",0.01,"data",263
141,"Litopenaeus vannamei","shrimp","Intensive","Ponds","data",0.269,0.423,0.288,0.02,"data",1.48,"Thailand","THA","data",3917,"data",310,"data",0.5,"data",12.936,"data",261
142,"Litopenaeus vannamei","shrimp","Intensive","Ponds","data",0.269,0.423,0.288,0.02,"data",1.48,"Thailand","THA","data",3917,"data",310,"data",0.5,"data",12.936,"data",261
143,"Litopenaeus vannamei","shrimp","Intensive","Ponds","data",0.269,0.423,0.288,0.02,"data",1.48,"Thailand","THA","data",3917,"data",310,"data",0.5,"data",12.936,"data",261
144,"Litopenaeus vannamei","shrimp","Intensive","Ponds","data",0.269,0.423,0.288,0.02,"data",1.48,"Thailand","THA","data",3917,"data",310,"data",0.5,"data",12.936,"data",261
145,"Litopenaeus vannamei","shrimp","Intensive","Ponds","data",0.269,0.423,0.288,0.02,"data",1.48,"Thailand","THA","data",3917,"data",310,"data",0.5,"data",12.936,"data",261
146,"Litopenaeus vannamei","shrimp","Intensive","Ponds","data",0.269,0.423,0.288,0.02,"data",1.48,"Thailand","THA","data",3917,"data",310,"data",0.5,"data",12.936,"data",261
147,"Litopenaeus vannamei","shrimp","Intensive","Ponds","data",0.269,0.423,0.288,0.02,"data",1.48,"Thailand","THA","data",3917,"data",310,"data",0.5,"data",12.936,"data",261
148,"Litopenaeus vannamei","shrimp","Intensive","Ponds","data",0.269,0.423,0.288,0.02,"data",1.48,"Thailand","THA","data",3917,"data",310,"data",0.5,"data",12.936,"data",261
149,"Litopenaeus vannamei","shrimp","Intensive","Ponds","data",0.269,0.423,0.288,0.02,"data",1.48,"Thailand","THA","data",3917,"data",310,"data",0.5,"data",12.936,"data",261
150,"Litopenaeus vannamei","shrimp","Intensive","Ponds","data",0.269,0.423,0.288,0.02,"data",1.48,"Thailand","THA","data",3917,"data",310,"data",0.5,"data",12.936,"data",261
151,"Litopenaeus vannamei","shrimp","Intensive","Ponds","data",0.269,0.423,0.288,0.02,"data",1.49,"Thailand","THA","data",1163,"data",32,"data",0.4,"data",940.8,"data",266
152,"Litopenaeus vannamei","shrimp","Intensive","Ponds","data",0.269,0.423,0.288,0.02,"data",1.49,"Thailand","THA","data",1163,"data",32,"data",0.4,"data",940.8,"data",266
153,"Litopenaeus vannamei","shrimp","Intensive","Ponds","data",0.269,0.423,0.288,0.02,"data",1.49,"Thailand","THA","data",1163,"data",32,"data",0.4,"data",940.8,"data",266
154,"Litopenaeus vannamei","shrimp","Intensive","Ponds","data",0.269,0.423,0.288,0.02,"data",1.49,"Thailand","THA","data",1163,"data",32,"data",0.4,"data",940.8,"data",266
155,"Litopenaeus vannamei","shrimp","Intensive","Ponds","data",0.269,0.423,0.288,0.02,"data",1.49,"Thailand","THA","data",1163,"data",32,"data",0.4,"data",940.8,"data",266
156,"Litopenaeus vannamei","shrimp","Intensive","Ponds","data",0.269,0.423,0.288,0.02,"data",1.49,"Thailand","THA","data",1163,"data",32,"data",0.4,"data",940.8,"data",266
157,"Litopenaeus vannamei","shrimp","Intensive","Ponds","data",0.269,0.423,0.288,0.02,"data",1.49,"Thailand","THA","data",1163,"data",32,"data",0.4,"data",940.8,"data",266
158,"Litopenaeus vannamei","shrimp","Intensive","Ponds","data",0.269,0.423,0.288,0.02,"data",1.49,"Thailand","THA","data",1163,"data",32,"data",0.4,"data",940.8,"data",266
159,"Litopenaeus vannamei","shrimp","Intensive","Ponds","data",0.269,0.423,0.288,0.02,"data",1.49,"Thailand","THA","data",1163,"data",32,"data",0.4,"data",940.8,"data",266
160,"Litopenaeus vannamei","shrimp","Intensive","Ponds","data",0.278,0.328,0.285,0.109,"data",1.25,"Vietnam","VNM","data",264,"data",385,"data",0.01,"data",0.01,"data",513
161,"Litopenaeus vannamei","shrimp","Intensive","Ponds","data",0.278,0.328,0.285,0.109,"data",1.25,"Vietnam","VNM","data",264,"data",385,"data",0.01,"data",0.01,"data",513
162,"Litopenaeus vannamei","shrimp","Intensive","Ponds","data",0.278,0.328,0.285,0.109,"data",1.25,"Vietnam","VNM","data",264,"data",385,"data",0.01,"data",0.01,"data",513
163,"Litopenaeus vannamei","shrimp","Intensive","Ponds","data",0.278,0.328,0.285,0.109,"data",1.25,"Vietnam","VNM","data",264,"data",385,"data",0.01,"data",0.01,"data",513
164,"Litopenaeus vannamei","shrimp","Intensive","Ponds","data",0.278,0.328,0.285,0.109,"data",1.25,"Vietnam","VNM","data",264,"data",385,"data",0.01,"data",0.01,"data",513
1,"Penaeus monodon","shrimp","Intensive","Ponds","data",0.128661916072842,0.376088677751386,0.484857482185273,0.0103919239904988,"data",1.9,"Thailand","THA","data",2990,"data",0.01,"data",0.01,"data",0.01,"data",263.0136986
165,"Penaeus monodon","shrimp","Intensive","Ponds","data",0.278,0.328,0.285,0.109,"data",1.59,"Vietnam","VNM","data",2480,"data",141,"data",0.01,"data",0.01,"data",2010
166,"Penaeus monodon","shrimp","Intensive","Ponds","data",0.278,0.328,0.285,0.109,"data",1.59,"Vietnam","VNM","data",2480,"data",141,"data",0.01,"data",0.01,"data",2010
167,"Penaeus monodon","shrimp","Intensive","Ponds","data",0.278,0.328,0.285,0.109,"data",1.59,"Vietnam","VNM","data",2480,"data",141,"data",0.01,"data",0.01,"data",2010
168,"Penaeus monodon","shrimp","Intensive","Ponds","data",0.278,0.328,0.285,0.109,"data",1.59,"Vietnam","VNM","data",2480,"data",141,"data",0.01,"data",0.01,"data",2010
3,"Litopenaeus vannamei","shrimp","Semi-intensive","Ponds","data",0.135405325150945,0.343759279421954,0.510442442838761,0.0103929525883401,"data",1,"China","CHN","data",548,"data",7,"data",0.01,"data",0.01,"data",1210
4,"Litopenaeus vannamei","shrimp","Semi-intensive","Ponds","data",0.135405325150945,0.343759279421954,0.510442442838761,0.0103929525883401,"data",1,"China","CHN","data",548,"data",7,"data",0.01,"data",0.01,"data",1210
5,"Litopenaeus vannamei","shrimp","Semi-intensive","Ponds","data",0.135405325150945,0.343759279421954,0.510442442838761,0.0103929525883401,"data",1,"China","CHN","data",548,"data",7,"data",0.01,"data",0.01,"data",1210
131,"Litopenaeus vannamei","shrimp","Semi-intensive","Ponds","data",0.284017812963879,0.308758040573973,0.396833250865908,0.0103908955962395,"data",1.32,"China","CHN","data",4340,"data",38,"data",1.3,"data",0.01,"data",784
132,"Litopenaeus vannamei","shrimp","Semi-intensive","Ponds","data",0.284017812963879,0.308758040573973,0.396833250865908,0.0103908955962395,"data",1.32,"China","CHN","data",4340,"data",38,"data",1.3,"data",0.01,"data",784
133,"Litopenaeus vannamei","shrimp","Semi-intensive","Ponds","data",0.284017812963879,0.308758040573973,0.396833250865908,0.0103908955962395,"data",1.32,"China","CHN","data",4340,"data",38,"data",1.3,"data",0.01,"data",784
134,"Litopenaeus vannamei","shrimp","Semi-intensive","Ponds","data",0.284017812963879,0.308758040573973,0.396833250865908,0.0103908955962395,"data",1.32,"China","CHN","data",4340,"data",38,"data",1.3,"data",0.01,"data",784
135,"Litopenaeus vannamei","shrimp","Semi-intensive","Ponds","data",0.284017812963879,0.308758040573973,0.396833250865908,0.0103908955962395,"data",1.32,"China","CHN","data",4340,"data",38,"data",1.3,"data",0.01,"data",784
136,"Litopenaeus vannamei","shrimp","Semi-intensive","Ponds","data",0.284017812963879,0.308758040573973,0.396833250865908,0.0103908955962395,"data",1.32,"China","CHN","data",4340,"data",38,"data",1.3,"data",0.01,"data",784
137,"Litopenaeus vannamei","shrimp","Semi-intensive","Ponds","data",0.284017812963879,0.308758040573973,0.396833250865908,0.0103908955962395,"data",1.32,"China","CHN","data",4340,"data",38,"data",1.3,"data",0.01,"data",784
138,"Litopenaeus vannamei","shrimp","Semi-intensive","Ponds","data",0.284017812963879,0.308758040573973,0.396833250865908,0.0103908955962395,"data",1.32,"China","CHN","data",4340,"data",38,"data",1.3,"data",0.01,"data",784
139,"Litopenaeus vannamei","shrimp","Semi-intensive","Ponds","data",0.284017812963879,0.308758040573973,0.396833250865908,0.0103908955962395,"data",1.32,"China","CHN","data",4340,"data",38,"data",1.3,"data",0.01,"data",784
140,"Litopenaeus vannamei","shrimp","Semi-intensive","Ponds","data",0.284017812963879,0.308758040573973,0.396833250865908,0.0103908955962395,"data",1.32,"China","CHN","data",4340,"data",38,"data",1.3,"data",0.01,"data",784
249,"Litopenaeus vannamei","shrimp","Semi-intensive","Ponds","data",0.32,0.44,0.21,0.03,"data",1.45,"Indonesia","IDN","data",283,"data",98.55769231,"data",0.01,"data",0.01,"data",1120
250,"Litopenaeus vannamei","shrimp","Semi-intensive","Ponds","data",0.32,0.44,0.21,0.03,"data",1.45,"Indonesia","IDN","data",283,"data",98.55769231,"data",0.01,"data",0.01,"data",1120
251,"Litopenaeus vannamei","shrimp","Semi-intensive","Ponds","data",0.32,0.44,0.21,0.03,"data",1.45,"Indonesia","IDN","data",283,"data",98.55769231,"data",0.01,"data",0.01,"data",1120
169,"Penaeus monodon","shrimp","Semi-intensive","Ponds","data",0.278,0.328,0.285,0.109,"data",1.67,"Vietnam","VNM","data",845,"data",272,"data",0.01,"data",0.01,"data",2380
170,"Penaeus monodon","shrimp","Semi-intensive","Ponds","data",0.278,0.328,0.285,0.109,"data",1.67,"Vietnam","VNM","data",845,"data",272,"data",0.01,"data",0.01,"data",2380
171,"Penaeus monodon","shrimp","Semi-intensive","Ponds","data",0.278,0.328,0.285,0.109,"data",1.67,"Vietnam","VNM","data",845,"data",272,"data",0.01,"data",0.01,"data",2380
172,"Penaeus monodon","shrimp","Semi-intensive","Ponds","data",0.278,0.328,0.285,0.109,"data",1.67,"Vietnam","VNM","data",845,"data",272,"data",0.01,"data",0.01,"data",2380
173,"Penaeus monodon","shrimp","Semi-intensive","Ponds","data",0.278,0.328,0.285,0.109,"data",1.67,"Vietnam","VNM","data",845,"data",272,"data",0.01,"data",0.01,"data",2380
174,"Penaeus monodon","shrimp","Semi-intensive","Ponds","data",0.278,0.328,0.285,0.109,"data",1.67,"Vietnam","VNM","data",845,"data",272,"data",0.01,"data",0.01,"data",2380
175,"Penaeus monodon","shrimp","Semi-intensive","Ponds","data",0.278,0.328,0.285,0.109,"data",1.67,"Vietnam","VNM","data",845,"data",272,"data",0.01,"data",0.01,"data",2380
176,"Penaeus monodon","shrimp","Semi-intensive","Ponds","data",0.278,0.328,0.285,0.109,"data",1.67,"Vietnam","VNM","data",845,"data",272,"data",0.01,"data",0.01,"data",2380
10,"Oreochromis niloticus","tilapia","Intensive","Cages & pens","data",0.520340492922894,0.418291596555479,0.0509749579332871,0.0103929525883401,"data",1.7,"Indonesia","IDN","data",0.01,"data",10,"data",1,"data",0.01,"data",NA
232,"Oreochromis niloticus","tilapia","Intensive","Cages & pens","data",0.26,0.445,0.125,0.17,"data",1.6,"Indonesia","IDN","data",56,"data",0.01,"data",0.01,"data",0.01,"data",NA
233,"Oreochromis niloticus","tilapia","Intensive","Cages & pens","data",0.26,0.445,0.125,0.17,"data",1.6,"Indonesia","IDN","data",56,"data",0.01,"data",0.01,"data",0.01,"data",NA
9,"Oreochromis niloticus","tilapia","Intensive","Ponds","data",0.520340492922894,0.418291596555479,0.0509749579332871,0.0103929525883401,"data",1.7,"Indonesia","IDN","data",2730,"data",1,"data",0.01,"data",0.01,"prediction",298.613254728051
54,"Oreochromis niloticus","tilapia","Intensive","Ponds","data",0.30374109263658,0.33313539192399,0.352731591448931,0.0103919239904988,"data",1.4,"Egypt","EGY","data",0.01,"data",101,"data",0.01,"data",0.01,"prediction",305.734046191719
99,"Oreochromis niloticus","tilapia","Intensive","Ponds","data",0.340489266100849,0.581128307538692,0.0678981527708437,0.0104842735896156,"data",1.82,"Egypt","EGY","data",265,"data",127,"data",0.01,"data",0.01,"data",887
100,"Oreochromis niloticus","tilapia","Intensive","Ponds","data",0.340489266100849,0.581128307538692,0.0678981527708437,0.0104842735896156,"data",1.82,"Egypt","EGY","data",265,"data",127,"data",0.01,"data",0.01,"data",887
101,"Oreochromis niloticus","tilapia","Intensive","Ponds","data",0.340489266100849,0.581128307538692,0.0678981527708437,0.0104842735896156,"data",1.82,"Egypt","EGY","data",265,"data",127,"data",0.01,"data",0.01,"data",887
102,"Oreochromis niloticus","tilapia","Intensive","Ponds","data",0.340489266100849,0.581128307538692,0.0678981527708437,0.0104842735896156,"data",1.82,"Egypt","EGY","data",265,"data",127,"data",0.01,"data",0.01,"data",887
103,"Oreochromis niloticus","tilapia","Intensive","Ponds","data",0.340489266100849,0.581128307538692,0.0678981527708437,0.0104842735896156,"data",1.82,"Egypt","EGY","data",265,"data",127,"data",0.01,"data",0.01,"data",887
104,"Oreochromis niloticus","tilapia","Intensive","Ponds","data",0.340489266100849,0.581128307538692,0.0678981527708437,0.0104842735896156,"data",1.82,"Egypt","EGY","data",265,"data",127,"data",0.01,"data",0.01,"data",887
105,"Oreochromis niloticus","tilapia","Intensive","Ponds","data",0.340489266100849,0.581128307538692,0.0678981527708437,0.0104842735896156,"data",1.55,"Egypt","EGY","data",265,"data",127,"data",0.01,"data",0.01,"data",956
106,"Oreochromis niloticus","tilapia","Intensive","Ponds","data",0.340489266100849,0.581128307538692,0.0678981527708437,0.0104842735896156,"data",1.55,"Egypt","EGY","data",265,"data",127,"data",0.01,"data",0.01,"data",956
107,"Oreochromis niloticus","tilapia","Intensive","Ponds","data",0.340489266100849,0.581128307538692,0.0678981527708437,0.0104842735896156,"data",1.55,"Egypt","EGY","data",265,"data",127,"data",0.01,"data",0.01,"data",956
108,"Oreochromis niloticus","tilapia","Intensive","Ponds","data",0.340489266100849,0.581128307538692,0.0678981527708437,0.0104842735896156,"data",1.55,"Egypt","EGY","data",265,"data",127,"data",0.01,"data",0.01,"data",956
109,"Oreochromis niloticus","tilapia","Intensive","Ponds","data",0.340489266100849,0.581128307538692,0.0678981527708437,0.0104842735896156,"data",1.55,"Egypt","EGY","data",265,"data",127,"data",0.01,"data",0.01,"data",956
110,"Oreochromis niloticus","tilapia","Intensive","Ponds","data",0.340489266100849,0.581128307538692,0.0678981527708437,0.0104842735896156,"data",1.55,"Egypt","EGY","data",265,"data",127,"data",0.01,"data",0.01,"data",956
111,"Oreochromis niloticus","tilapia","Intensive","Ponds","data",0.340489266100849,0.581128307538692,0.0678981527708437,0.0104842735896156,"data",1.55,"Egypt","EGY","data",265,"data",127,"data",0.01,"data",0.01,"data",956
112,"Oreochromis niloticus","tilapia","Intensive","Ponds","data",0.340489266100849,0.581128307538692,0.0678981527708437,0.0104842735896156,"data",1.55,"Egypt","EGY","data",265,"data",127,"data",0.01,"data",0.01,"data",956
113,"Oreochromis niloticus","tilapia","Intensive","Ponds","data",0.340489266100849,0.581128307538692,0.0678981527708437,0.0104842735896156,"data",1.35,"Egypt","EGY","data",265,"data",127,"data",0.01,"data",0.01,"data",792
114,"Oreochromis niloticus","tilapia","Intensive","Ponds","data",0.340489266100849,0.581128307538692,0.0678981527708437,0.0104842735896156,"data",1.35,"Egypt","EGY","data",265,"data",127,"data",0.01,"data",0.01,"data",792
115,"Oreochromis niloticus","tilapia","Intensive","Ponds","data",0.340489266100849,0.581128307538692,0.0678981527708437,0.0104842735896156,"data",1.35,"Egypt","EGY","data",265,"data",127,"data",0.01,"data",0.01,"data",792
116,"Oreochromis niloticus","tilapia","Intensive","Ponds","data",0.340489266100849,0.581128307538692,0.0678981527708437,0.0104842735896156,"data",1.35,"Egypt","EGY","data",265,"data",127,"data",0.01,"data",0.01,"data",792
117,"Oreochromis niloticus","tilapia","Intensive","Ponds","data",0.340489266100849,0.581128307538692,0.0678981527708437,0.0104842735896156,"data",1.39,"Egypt","EGY","data",265,"data",127,"data",0.01,"data",0.01,"data",890
118,"Oreochromis niloticus","tilapia","Intensive","Ponds","data",0.340489266100849,0.581128307538692,0.0678981527708437,0.0104842735896156,"data",1.39,"Egypt","EGY","data",265,"data",127,"data",0.01,"data",0.01,"data",890
119,"Oreochromis niloticus","tilapia","Intensive","Ponds","data",0.340489266100849,0.581128307538692,0.0678981527708437,0.0104842735896156,"data",1.39,"Egypt","EGY","data",265,"data",127,"data",0.01,"data",0.01,"data",890
120,"Oreochromis niloticus","tilapia","Intensive","Ponds","data",0.340489266100849,0.581128307538692,0.0678981527708437,0.0104842735896156,"data",1.39,"Egypt","EGY","data",265,"data",127,"data",0.01,"data",0.01,"data",890
230,"Oreochromis niloticus","tilapia","Intensive","Ponds","data",0.26,0.445,0.125,0.17,"data",1.66,"Indonesia","IDN","data",0.01,"data",75.72115385,"data",0.01,"data",0.01,"data",58
231,"Oreochromis niloticus","tilapia","Intensive","Ponds","data",0.26,0.445,0.125,0.17,"data",1.66,"Indonesia","IDN","data",0.01,"data",75.72115385,"data",0.01,"data",0.01,"data",58
430,"Oreochromis niloticus","tilapia","Intensive","Recirculating and tanks","data",0.0102860501567398,0.876077586206897,0.103350313479624,0.0102860501567398,"data",1.8,"Peru","PER","prediction",788.92034412609,"prediction",74.4676872048698,"prediction",0.00122454385250524,"prediction",0.00351874378652116,"prediction",50.3614917479139
203,"Oreochromis niloticus","tilapia","Semi-intensive","Cages & pens","data",0.273159144893112,0.644200316706255,0.0722486144101346,0.0103919239904988,"data",1.66,"China","CHN","data",139,"data",1.081730769,"data",0.01,"data",0.01,"data",318.5
204,"Oreochromis niloticus","tilapia","Semi-intensive","Cages & pens","data",0.273159144893112,0.644200316706255,0.0722486144101346,0.0103919239904988,"data",1.66,"China","CHN","data",139,"data",1.081730769,"data",0.01,"data",0.01,"data",318.5
205,"Oreochromis niloticus","tilapia","Semi-intensive","Cages & pens","data",0.273159144893112,0.644200316706255,0.0722486144101346,0.0103919239904988,"data",1.66,"China","CHN","data",139,"data",1.081730769,"data",0.01,"data",0.01,"data",318.5
55,"Oreochromis niloticus","tilapia","Semi-intensive","Ponds","data",0.30374109263658,0.33313539192399,0.352731591448931,0.0103919239904988,"data",1.4,"Egypt","EGY","data",0.01,"data",27,"data",0.01,"data",0.01,"prediction",1894.34028026155
190,"Oreochromis niloticus","tilapia","Semi-intensive","Ponds","data",0.273159144893112,0.644200316706255,0.0722486144101346,0.0103919239904988,"data",1.48,"China","CHN","data",528,"data",1.081730769,"data",0.1,"data",0.01,"data",293
191,"Oreochromis niloticus","tilapia","Semi-intensive","Ponds","data",0.273159144893112,0.644200316706255,0.0722486144101346,0.0103919239904988,"data",1.48,"China","CHN","data",528,"data",1.081730769,"data",0.1,"data",0.01,"data",293
192,"Oreochromis niloticus","tilapia","Semi-intensive","Ponds","data",0.273159144893112,0.644200316706255,0.0722486144101346,0.0103919239904988,"data",1.48,"China","CHN","data",528,"data",1.081730769,"data",0.1,"data",0.01,"data",293
193,"Oreochromis niloticus","tilapia","Semi-intensive","Ponds","data",0.273159144893112,0.644200316706255,0.0722486144101346,0.0103919239904988,"data",1.48,"China","CHN","data",528,"data",1.081730769,"data",0.1,"data",0.01,"data",293
194,"Oreochromis niloticus","tilapia","Semi-intensive","Ponds","data",0.273159144893112,0.644200316706255,0.0722486144101346,0.0103919239904988,"data",1.48,"China","CHN","data",528,"data",1.081730769,"data",0.1,"data",0.01,"data",293
195,"Oreochromis niloticus","tilapia","Semi-intensive","Ponds","data",0.273159144893112,0.644200316706255,0.0722486144101346,0.0103919239904988,"data",1.81,"China","CHN","data",378,"data",1.081730769,"data",0.1,"data",0.01,"data",438.5
196,"Oreochromis niloticus","tilapia","Semi-intensive","Ponds","data",0.273159144893112,0.644200316706255,0.0722486144101346,0.0103919239904988,"data",1.81,"China","CHN","data",378,"data",1.081730769,"data",0.1,"data",0.01,"data",438.5
197,"Oreochromis niloticus","tilapia","Semi-intensive","Ponds","data",0.273159144893112,0.644200316706255,0.0722486144101346,0.0103919239904988,"data",1.81,"China","CHN","data",378,"data",1.081730769,"data",0.1,"data",0.01,"data",438.5
198,"Oreochromis niloticus","tilapia","Semi-intensive","Ponds","data",0.273159144893112,0.644200316706255,0.0722486144101346,0.0103919239904988,"data",1.81,"China","CHN","data",378,"data",1.081730769,"data",0.1,"data",0.01,"data",438.5
199,"Oreochromis niloticus","tilapia","Semi-intensive","Ponds","data",0.273159144893112,0.644200316706255,0.0722486144101346,0.0103919239904988,"data",1.81,"China","CHN","data",378,"data",1.081730769,"data",0.1,"data",0.01,"data",438.5
200,"Oreochromis niloticus","tilapia","Semi-intensive","Ponds","data",0.273159144893112,0.644200316706255,0.0722486144101346,0.0103919239904988,"data",1.81,"China","CHN","data",378,"data",1.081730769,"data",0.1,"data",0.01,"data",438.5
201,"Oreochromis niloticus","tilapia","Semi-intensive","Ponds","data",0.273159144893112,0.644200316706255,0.0722486144101346,0.0103919239904988,"data",1.81,"China","CHN","data",378,"data",1.081730769,"data",0.1,"data",0.01,"data",438.5
202,"Oreochromis niloticus","tilapia","Semi-intensive","Ponds","data",0.273159144893112,0.644200316706255,0.0722486144101346,0.0103919239904988,"data",1.81,"China","CHN","data",378,"data",1.081730769,"data",0.1,"data",0.01,"data",438.5
254,"Oreochromis niloticus","tilapia","Semi-intensive","Ponds","data",0.593802593802594,0.0103950103950104,0.197901197901198,0.197901197901198,"data",1.59,"Bangladesh","BGD","data",120,"data",7.8,"data",0.01,"data",0.01,"data",261
255,"Oreochromis niloticus","tilapia","Semi-intensive","Ponds","data",0.593802593802594,0.0103950103950104,0.197901197901198,0.197901197901198,"data",1.59,"Bangladesh","BGD","data",120,"data",7.8,"data",0.01,"data",0.01,"data",261
256,"Oreochromis niloticus","tilapia","Semi-intensive","Ponds","data",0.593802593802594,0.0103950103950104,0.197901197901198,0.197901197901198,"data",1.59,"Bangladesh","BGD","data",120,"data",7.8,"data",0.01,"data",0.01,"data",261
96,"Oncorhynchus mykiss","trout","Intensive","Cages & pens","prediction",0.0275800711743772,0.52057384341637,0.440502669039146,0.0113434163701068,"data",1.2,"Finland","FIN","prediction",144.549161960043,"prediction",2.51093689725679,"prediction",0.108942060654241,"prediction",0.00709616321715818,"data",NA
97,"Oncorhynchus mykiss","trout","Intensive","Cages & pens","prediction",0.0293203020879609,0.515548645046646,0.443469569080409,0.0116614837849845,"prediction",1.2424235582251,"Peru","PER","prediction",144.266619676916,"prediction",2.4865029604553,"prediction",0.103437761968468,"prediction",0.00717085072069786,"data",1000
98,"Oncorhynchus mykiss","trout","Intensive","Cages & pens","prediction",0.0295264623955432,0.510863509749304,0.447910863509749,0.0116991643454039,"prediction",1.23072432792703,"Peru","PER","prediction",145.662742912984,"prediction",2.44234088662897,"prediction",0.112711995131876,"prediction",0.00732519199141555,"data",1000
44,"Oncorhynchus mykiss","trout","Intensive","Cages & pens","data",0.13687648456057,0.168448139350752,0.684283452098179,0.0103919239904988,"data",1.3,"Finland","FIN","prediction",133.181975715745,"prediction",2.45981229250818,"prediction",0.0992383488469775,"prediction",0.00715655476115694,"data",NA
435,"Oncorhynchus mykiss","trout","Intensive","Cages & pens","data",0.0103919239904988,0.494754552652415,0.247426761678543,0.247426761678543,"data",1.6,"USA","USA","prediction",136.827170218649,"prediction",2.31848246771399,"prediction",0.106166657656558,"prediction",0.00721766013954142,"data",NA
436,"Oncorhynchus mykiss","trout","Intensive","Cages & pens","data",0.0102860501567398,0.797511755485893,0.181916144200627,0.0102860501567398,"data",1.52,"Chile","CHL","prediction",144.420883619862,"prediction",2.43165707612594,"prediction",0.103178647933777,"prediction",0.00693035573459732,"data",NA
41,"Oncorhynchus mykiss","trout","Intensive","Ponds","prediction",0.0354705158330536,0.496811010406177,0.455969564730894,0.0117489090298758,"data",0.9,"Germany, Denmark","DEU","data",2554,"data",0.01,"data",0.01,"data",0.01,"data",20
42,"Oncorhynchus mykiss","trout","Intensive","Ponds","prediction",0.0340188993885492,0.496720400222346,0.457587548638132,0.0116731517509728,"data",1.2,"Germany","DEU","prediction",756.819878185501,"prediction",11.2455446865397,"prediction",0.0179029144359108,"prediction",0.00526524001394691,"data",1600
32,"Oncorhynchus mykiss","trout","Intensive","Recirculating and tanks","prediction",0.0453222918531782,0.475044762757386,0.468218442256043,0.011414503133393,"prediction",1.16428064191032,"France","FRA","prediction",3256.96627939162,"prediction",44.1068679863368,"prediction",0.00304052030748118,"prediction",0.00322989681198939,"prediction",37.6032739616537
33,"Oncorhynchus mykiss","trout","Intensive","Recirculating and tanks","prediction",0.0440075952194795,0.477158494359433,0.467105997989501,0.0117279124315872,"prediction",1.16183847073833,"France","FRA","prediction",3397.9265499288,"prediction",44.0828633163621,"prediction",0.00300888528283366,"prediction",0.00314362759428045,"prediction",36.9867879282608
34,"Oncorhynchus mykiss","trout","Intensive","Recirculating and tanks","prediction",0.0439928539526574,0.481129968736043,0.463153193389906,0.0117239839213935,"prediction",1.1560906238713,"France","FRA","prediction",3329.21443235344,"prediction",44.6203438988128,"prediction",0.00310234071752552,"prediction",0.00356678329977742,"prediction",36.3599291604574
35,"Oncorhynchus mykiss","trout","Intensive","Recirculating and tanks","prediction",0.0420654351212998,0.481971956376586,0.464277765412864,0.0116848430892499,"prediction",1.16694701334149,"France","FRA","prediction",3285.59730159962,"prediction",44.167896687656,"prediction",0.00298444916128505,"prediction",0.00331519119988946,"prediction",36.6438129317195
36,"Oncorhynchus mykiss","trout","Intensive","Recirculating and tanks","prediction",0.0444099034084601,0.47585211502165,0.468191406683691,0.0115465748861996,"prediction",1.16909061663941,"France","FRA","prediction",3466.46201450999,"prediction",43.7491514793894,"prediction",0.00289213301836352,"prediction",0.00332694169526198,"prediction",36.4824184112635
37,"Oncorhynchus mykiss","trout","Intensive","Recirculating and tanks","prediction",0.0435025721315142,0.478416461641691,0.466338626705435,0.0117423395213599,"prediction",1.16637238682591,"France","FRA","prediction",3402.26756581166,"prediction",41.3718884391524,"prediction",0.00311534790326794,"prediction",0.00341671954300484,"prediction",37.037137830408
38,"Oncorhynchus mykiss","trout","Intensive","Recirculating and tanks","prediction",0.0455204730558965,0.480084793038045,0.462679906281379,0.0117148276246792,"prediction",1.15714547641475,"France","FRA","prediction",3454.03372042997,"prediction",42.5570254136026,"prediction",0.00310092277527767,"prediction",0.00346992222749767,"prediction",37.3465235883541
39,"Oncorhynchus mykiss","trout","Intensive","Recirculating and tanks","prediction",0.0437563110063952,0.478290138000673,0.466397397060474,0.0115561539324582,"prediction",1.16594684942757,"France","FRA","prediction",3379.77285446987,"prediction",42.37362682439,"prediction",0.00291127271228637,"prediction",0.00348941232858654,"prediction",36.1988147311691
40,"Oncorhynchus mykiss","trout","Intensive","Recirculating and tanks","prediction",0.0424894608386954,0.478145107610384,0.468160639005991,0.0112047925449301,"prediction",1.16791074962898,"France","FRA","prediction",3570.61697795338,"prediction",43.9609808489365,"prediction",0.00292150801549882,"prediction",0.00324477759643501,"prediction",36.9527538711061
43,"Oncorhynchus mykiss","trout","Intensive","Recirculating and tanks","prediction",0.0432939076099085,0.47924570408391,0.465744253514841,0.0117161347913412,"data",0.9,"Denmark","DNK","data",19622,"data",0.01,"data",0.01,"data",0.01,"data",15
88,"Oncorhynchus mykiss","trout","Intensive","Recirculating and tanks","prediction",0.0432842481035252,0.484493529674253,0.460174029451138,0.0120481927710843,"data",1.1,"France","FRA","prediction",3494.54066167833,"prediction",41.9954884603991,"prediction",0.00293614715730169,"prediction",0.00338050397107692,"prediction",36.6460901242198
89,"Oncorhynchus mykiss","trout","Intensive","Recirculating and tanks","prediction",0.045343137254902,0.480837789661319,0.46267825311943,0.0111408199643494,"data",1.1,"France","FRA","prediction",3368.41596038972,"prediction",43.0011694504568,"prediction",0.00298206653433544,"prediction",0.00325359052762976,"prediction",37.7717479235493
90,"Oncorhynchus mykiss","trout","Intensive","Recirculating and tanks","prediction",0.0418604651162791,0.476190476190476,0.470321151716501,0.0116279069767442,"data",1.2,"France","FRA","prediction",3486.76494323616,"prediction",43.4938805027902,"prediction",0.00286819221073992,"prediction",0.00351148927124476,"prediction",35.720113273922
91,"Oncorhynchus mykiss","trout","Intensive","Recirculating and tanks","prediction",0.0452513966480447,0.48,0.463016759776536,0.011731843575419,"data",1.2,"France","FRA","prediction",3292.56671302869,"prediction",42.3064624495004,"prediction",0.00289686150892523,"prediction",0.00336895065977565,"prediction",37.182782140114
92,"Oncorhynchus mykiss","trout","Intensive","Recirculating and tanks","prediction",0.0454950936663693,0.475802854594112,0.466993755575379,0.0117082961641392,"data",1.2,"France","FRA","prediction",3389.59682358403,"prediction",42.2437839709881,"prediction",0.00306535120951875,"prediction",0.00357407207551051,"prediction",36.3968709414457
93,"Oncorhynchus mykiss","trout","Intensive","Recirculating and tanks","prediction",0.0428205983761539,0.474696919141364,0.470804137470804,0.0116783450116783,"data",1.2,"France","FRA","prediction",3343.93728939373,"prediction",44.8608336425997,"prediction",0.00295767774111342,"prediction",0.00335785524186102,"prediction",36.8738743814882
94,"Oncorhynchus mykiss","trout","Intensive","Recirculating and tanks","prediction",0.0448210502843126,0.481213067231575,0.462258891738209,0.0117069907459026,"data",1.2,"France","FRA","prediction",3275.6883381956,"prediction",43.1112089979672,"prediction",0.00285311974042884,"prediction",0.00349058867136727,"prediction",37.8530953189409
95,"Oncorhynchus mykiss","trout","Intensive","Recirculating and tanks","prediction",0.0450078177350905,0.478445387536297,0.464820192092919,0.0117266026356935,"data",1.2,"France","FRA","prediction",3167.62263542567,"prediction",40.4222630676854,"prediction",0.00302084459007109,"prediction",0.00346858071529756,"prediction",36.6121474802312
30,"Oncorhynchus mykiss","trout","Intensive","Recirculating and tanks","data",0.119952494061758,0.179928741092637,0.689726840855107,0.0103919239904988,"data",1.2,"France","FRA","prediction",3397.87975964476,"prediction",42.4623043936428,"prediction",0.00310758166731262,"prediction",0.00339403729703122,"prediction",35.8956845511224
31,"Oncorhynchus mykiss","trout","Intensive","Recirculating and tanks","data",0.277090549233053,0.415635823849579,0.296882731321128,0.0103908955962395,"data",1.1,"France","FRA","data",2767,"data",404,"data",0.01,"data",0.01,"prediction",36.6348050735218
85,"Oncorhynchus mykiss","trout","Intensive","Recirculating and tanks","data",0.0505050505050505,0.464646464646465,0.353535353535354,0.131313131313131,"data",1.2,"Iran","IRN","data",648,"data",14,"data",0.01,"data",0.01,"data",50
86,"Oncorhynchus mykiss","trout","Intensive","Recirculating and tanks","data",0.0505050505050505,0.464646464646465,0.353535353535354,0.131313131313131,"data",1.5,"Iran","IRN","data",8100,"data",135,"data",0.01,"data",0.01,"data",2.5
87,"Oncorhynchus mykiss","trout","Intensive","Recirculating and tanks","data",0.0505050505050505,0.464646464646465,0.353535353535354,0.131313131313131,"data",1.6,"Iran","IRN","data",7603,"data",118,"data",0.01,"data",0.01,"data",5
2,"Mytilus galloprovincialis","bivalves","Extensive","On- and off-bottom","data",0,0,0,0,"data",0,"Spain","ESP","data",0.01,"data",16,"data",0.01,"data",0.01,"data",NA
47,"Mytilus galloprovincialis","bivalves","Extensive","On- and off-bottom","data",0,0,0,0,"data",0,"United States","USA","prediction",34.9625589265962,"prediction",10.2165899763157,"prediction",3.04315229694808,"prediction",0.00299504126964697,"data",NA
48,"Mytilus galloprovincialis","bivalves","Extensive","On- and off-bottom","data",0,0,0,0,"data",0,"Algeria","DZA","data",227,"data",110,"data",0.01,"data",0.01,"data",NA
49,"Mytilus edulis","bivalves","Extensive","On- and off-bottom","data",0,0,0,0,"data",0,"Norway","NOR","data",0.01,"data",0.01,"data",0.01,"data",0.01,"data",NA
262,"Mytilus edulis","bivalves","Extensive","On- and off-bottom","data",0,0,0,0,"data",0,"France","FRA","data",127,"data",51,"data",0.01,"data",0.01,"data",567
263,"Mytilus edulis","bivalves","Extensive","On- and off-bottom","data",0,0,0,0,"data",0,"France","FRA","data",127,"data",51,"data",0.01,"data",0.01,"data",567
264,"Mytilus galloprovincialis","bivalves","Extensive","On- and off-bottom","data",0,0,0,0,"data",0,"Algeria","DZA","data",227,"data",0.01,"data",93,"data",0.01,"data",10
265,"Mytilus edulis","bivalves","Extensive","On- and off-bottom","data",0,0,0,0,"data",0,"United Kingdom","GBR","data",0.01,"data",0.01,"data",70.1754386,"data",0.01,"data",NA
266,"Mytilus edulis","bivalves","Extensive","On- and off-bottom","data",0,0,0,0,"data",0,"Spain","ESP","data",0.01,"data",16,"data",0.01,"data",0.01,"data",6
267,"Mytilus edulis","bivalves","Extensive","On- and off-bottom","data",0,0,0,0,"data",0,"United Kingdom","GBR","data",46,"data",29,"data",0.01,"data",0.01,"data",NA
268,"Crassostrea gigas","bivalves","Extensive","On- and off-bottom","data",0,0,0,0,"data",0,"United Kingdom","GBR","data",716,"data",48,"data",0.01,"data",0.01,"data",NA
269,"Mytilus galloprovincialis","bivalves","Extensive","On- and off-bottom","data",0,0,0,0,"data",0,"Italy","ITA","data",0.01,"data",22,"data",0.01,"data",0.01,"data",1540
270,"Mytilus galloprovincialis","bivalves","Extensive","On- and off-bottom","data",0,0,0,0,"data",0,"Italy","ITA","data",0.01,"data",22,"data",0.01,"data",0.01,"data",1540
271,"Mytilus galloprovincialis","bivalves","Extensive","On- and off-bottom","data",0,0,0,0,"data",0,"Italy","ITA","data",0.01,"data",22,"data",0.01,"data",0.01,"data",1540
272,"Mytilus galloprovincialis","bivalves","Extensive","On- and off-bottom","data",0,0,0,0,"data",0,"Italy","ITA","data",0.01,"data",22,"data",0.01,"data",0.01,"data",1540
273,"Mytilus galloprovincialis","bivalves","Extensive","On- and off-bottom","data",0,0,0,0,"data",0,"Italy","ITA","data",0.01,"data",22,"data",0.01,"data",0.01,"data",1540
274,"Crassostrea gigas","bivalves","Extensive","On- and off-bottom","data",0,0,0,0,"data",0,"Italy","ITA","data",168,"data",96,"data",0.01,"data",0.01,"data",14400
275,"Laminaria digitata","plants","Extensive","On- and off-bottom","data",0,0,0,0,"data",0,"Denmark","DNK","data",30,"data",30,"data",30,"data",0.01,"data",NA
276,"Saccharina latissima","plants","Extensive","On- and off-bottom","data",0,0,0,0,"data",0,"Sweden","SWE","data",43.23031641,"data",1.911671212,"data",0.01,"data",0.01,"data",NA
277,"Saccharina latissima","plants","Extensive","On- and off-bottom","data",0,0,0,0,"data",0,"N/A",NA,"data",0.01,"data",0.037295423,"data",0.01,"data",0.01,"data",NA
278,"Gracilaria chilensis","plants","Extensive","On- and off-bottom","data",0,0,0,0,"data",0,"Chile","CHL","data",0.352201258,"data",5.660377358,"data",0.01,"data",0.01,"data",NA
279,"Gracilaria chilensis","plants","Extensive","On- and off-bottom","data",0,0,0,0,"data",0,"Chile","CHL","data",2.531073446,"data",0.545049505,"data",0.01,"data",0.01,"data",NA
280,"Macrocystis pyrifera","plants","Extensive","On- and off-bottom","data",0,0,0,0,"data",0,"Chile","CHL","data",55.20965909,"data",0.532386364,"data",0.01,"data",0.01,"data",NA
281,"Mixed H. molitrix and H. nobilis","hypoph_carp","Extensive","Cages & pens","data",0,0,0,0,"data",0,"China","CHN","data",0.01,"data",0.01,"data",0.01,"data",0.01,"data",8953
282,"Mixed H. molitrix and H. nobilis","hypoph_carp","Extensive","Cages & pens","data",0,0,0,0,"data",0,"China","CHN","data",0.01,"data",0.01,"data",0.01,"data",0.01,"data",6525
438,"Gracilaria spp","plants","Extensive","On- and off-bottom","data",0,0,0,0,"data",0,"China","CHN","data",0.01,"data",87.97,"data",0.01,"data",0.01,"data",NA
439,"Gracilaria spp","plants","Extensive","On- and off-bottom","data",0,0,0,0,"data",0,"China","CHN","data",0.01,"data",87.97,"data",0.01,"data",0.01,"data",NA
440,"Gracilaria spp","plants","Extensive","On- and off-bottom","data",0,0,0,0,"data",0,"China","CHN","data",0.01,"data",87.97,"data",0.01,"data",0.01,"data",NA
441,"Gracilaria spp","plants","Extensive","On- and off-bottom","data",0,0,0,0,"data",0,"China","CHN","data",0.01,"data",87.97,"data",0.01,"data",0.01,"data",NA
442,"Gracilaria spp","plants","Extensive","On- and off-bottom","data",0,0,0,0,"data",0,"China","CHN","data",0.01,"data",87.97,"data",0.01,"data",0.01,"data",NA
443,"Gracilaria spp","plants","Extensive","On- and off-bottom","data",0,0,0,0,"data",0,"China","CHN","data",0.01,"data",87.97,"data",0.01,"data",0.01,"data",NA
444,"Gracilaria spp","plants","Extensive","On- and off-bottom","data",0,0,0,0,"data",0,"China","CHN","data",0.01,"data",87.97,"data",0.01,"data",0.01,"data",NA
445,"Gracilaria spp","plants","Extensive","On- and off-bottom","data",0,0,0,0,"data",0,"China","CHN","data",0.01,"data",87.97,"data",0.01,"data",0.01,"data",NA
446,"Porphyra spp","plants","Extensive","On- and off-bottom","data",0,0,0,0,"data",0,"China","CHN","data",0.0611,"data",100.934,"data",0.01,"data",0.01,"data",NA
447,"Porphyra spp","plants","Extensive","On- and off-bottom","data",0,0,0,0,"data",0,"China","CHN","data",0.0611,"data",100.934,"data",0.01,"data",0.01,"data",NA
448,"Porphyra spp","plants","Extensive","On- and off-bottom","data",0,0,0,0,"data",0,"China","CHN","data",0.0611,"data",100.934,"data",0.01,"data",0.01,"data",NA
449,"Porphyra spp","plants","Extensive","On- and off-bottom","data",0,0,0,0,"data",0,"China","CHN","data",0.0611,"data",100.934,"data",0.01,"data",0.01,"data",NA
450,"Porphyra spp","plants","Extensive","On- and off-bottom","data",0,0,0,0,"data",0,"China","CHN","data",0.0611,"data",100.934,"data",0.01,"data",0.01,"data",NA
451,"Porphyra spp","plants","Extensive","On- and off-bottom","data",0,0,0,0,"data",0,"China","CHN","data",0.0611,"data",100.934,"data",0.01,"data",0.01,"data",NA
362,"Cyprinidae","oth_carp","Extensive","Ponds","data",0,0,0,0,"data",0,"China","CHN","data",315.7894737,"data",0.01,"data",0.01,"data",0.01,"data",1402.105263
